PROC_NUM,THREAD,TIME
1,1,60.829
1,2,21.7085
1,4,15.2065
1,8,13.3559
1,16,14.4736
1,32,16.2829
2,1,35.8695
2,2,16.3749
2,4,8.51025
2,8,10.4527
2,16,12.1756
2,32,14.2395
4,1,7.1923
4,2,7.01671
4,4,7.93579
4,8,9.10062
4,16,9.23383
4,32,9.68822
8,1,4.35768
8,2,6.78851
8,4,6.69515
8,8,7.12072
8,16,7.11692
8,32,7.2173
16,1,4.95622
16,2,5.64804
16,4,5.94719
16,8,5.94457
16,16,6.21597
16,32,6.03775
32,1,5.11116
32,2,6.17736
32,4,6.02465
32,8,6.28714
32,16,6.59191
32,32,6.05147